feature,importance
price_is_zero,0.4146448673109817
price_value,0.3318264324070542
price_per_unit_variance,0.1698218128588293
category_encoded,0.05283362769067936
quantity_is_zero,0.013568351153250491
quantity_value,0.010393946358160013
price_qty_interaction,0.006910962221045006
price_is_negative,0.0
quantity_is_negative,0.0
